Engine Temperature (Â°C),Brake Pad Thickness (mm),Tire Pressure (PSI),Maintenance Type,Anomaly Indication
81.02239020933139,7.984017797088873,35.96454588470827,Repair,0
98.07602855575736,10.718692152577308,32.14359304169025,Routine Maintenance,1
81.20596746900311,10.98307044045464,31.058627901266156,Routine Maintenance,1
86.0812936338722,7.045311036077653,28.539264000860584,Repair,0
93.49656806200386,9.948991124986005,33.59955954330823,Component Replacement,1
89.37134123697147,8.799711736881983,31.309004169461353,Component Replacement,0
96.49011117737653,6.349810454019866,32.3582516182811,Routine Maintenance,1
92.3144635031139,10.696723510986287,33.099713043639966,Routine Maintenance,0
80.73294547476084,10.903092063649051,31.841789274993452,Component Replacement,0
83.98229342785206,6.14772324785276,33.5366746724573,Routine Maintenance,1
80.99723970675335,9.011146386321057,37.14247543823667,Repair,0
82.23076357807174,7.096161677960094,37.82225106857514,Routine Maintenance,0
81.74513596162603,10.415251657443825,36.38435415948696,Routine Maintenance,1
98.01655781539087,7.409704242315813,36.53729703930277,Component Replacement,1
98.87036588465693,9.924175474323219,29.74579911571531,Repair,0
99.48415982551697,6.778730643488115,29.076745540184024,Component Replacement,1
84.05482499116306,9.52020737742702,29.515724883807746,Routine Maintenance,1
99.61511543924385,11.041378758283035,30.991089642477927,Repair,0
85.97046211210004,9.077044393897971,34.87778964585008,Component Replacement,1
98.03537725634646,7.815089442348423,35.733734039800126,Repair,0
98.71657267387411,8.550181200007607,34.78929543855563,Routine Maintenance,0
94.26276455241614,9.266300513049151,28.944914637218652,Component Replacement,1
91.8467761561661,8.447278023924266,35.14574526497119,Component Replacement,0
84.11712729123742,9.459858703387404,33.898761587542594,Component Replacement,1
95.26418722699914,6.044877787296036,31.204049457306116,Component Replacement,0
98.23004916244302,10.837254272020477,33.426081043687276,Repair,0
85.38394566078532,11.556708224891722,35.63994472100831,Repair,0
85.98749132022284,10.812678463004806,35.597565715233266,Component Replacement,0
94.89822862549711,7.705740436746903,37.633433017234736,Routine Maintenance,1
86.77316038931686,8.44005200808253,37.370196674307415,Routine Maintenance,1
91.68505801743552,10.96587752571559,35.679135789840366,Component Replacement,1
83.70822353096418,9.694945448105763,33.43562218460014,Repair,0
89.21532968054952,7.194641671740372,35.32627740298478,Component Replacement,0
88.94862092178705,6.233126087123798,34.12373117847895,Component Replacement,1
86.12977166878834,10.231157061129705,30.117839403174877,Repair,1
97.06974951225638,10.754329080987485,37.094938259137706,Component Replacement,0
84.72407808755122,6.801411146128024,32.77462847127698,Component Replacement,1
98.65203703816402,9.54670747392021,36.47442074786635,Routine Maintenance,1
82.79710033786196,10.868451946636837,37.77819279079318,Component Replacement,0
98.25971783732155,10.0571154251131,33.447441838540065,Routine Maintenance,1
88.91833056972979,6.759928026382777,35.254693201037675,Component Replacement,0
98.03893129778692,6.460438853284274,32.24631294417413,Component Replacement,1
85.19255567135464,8.20041061304226,32.400999957713516,Component Replacement,1
85.40656878969087,10.381656503688184,28.610137482732732,Component Replacement,1
91.8115004301163,8.39130966072987,34.346962737634804,Routine Maintenance,1
95.2108461629345,9.30921309945983,36.06707079912535,Routine Maintenance,0
93.2034696432519,8.182080544385574,30.39846480453065,Repair,0
83.31192226544988,10.435819090296418,36.00644199217439,Routine Maintenance,0
86.68424017915027,11.965704111842731,32.465282157914814,Component Replacement,0
97.71524518428096,7.090890008628496,35.27901204130415,Repair,1
92.68445672679421,10.13657237466313,29.78461782186452,Routine Maintenance,1
83.70047803581951,7.338055907480962,36.0574930052315,Routine Maintenance,0
95.42284249461404,9.690481889201008,33.62842540928981,Component Replacement,0
83.71718423075343,8.569810241580885,33.172545340525716,Component Replacement,1
96.21907965547199,10.165333743468173,34.152849504617265,Component Replacement,1
96.05814737140891,6.527890273283393,37.13092351394907,Repair,0
82.6988123905873,6.168976918126692,37.641898353481324,Repair,1
83.87257521174922,6.9930821870607085,35.47495769570259,Component Replacement,0
93.83795659768093,10.091977194139833,35.56235101131927,Repair,0
83.11567591281823,9.408899214839103,35.64054447577233,Routine Maintenance,0
82.63995961146824,6.987856014168504,36.60424562065539,Routine Maintenance,1
99.6493401446603,7.090758837212621,32.262295568247644,Component Replacement,1
99.52141883813387,11.533293678883739,36.53058181921299,Repair,0
87.91106439113524,8.168550812561566,36.434413439503224,Component Replacement,1
85.65384183426447,6.676509992329802,33.457039896117266,Component Replacement,0
88.2603260160071,7.963570622143012,35.805334686490355,Component Replacement,0
90.55047745684676,11.243815358741072,32.93135794719976,Component Replacement,1
80.86851574215773,9.013662824083994,36.865992970655014,Routine Maintenance,0
92.77363584009751,7.793850418759922,31.119600573365233,Routine Maintenance,0
84.25725011436185,6.945774463470672,32.79763210400604,Component Replacement,1
94.85176212885544,9.604582418135012,31.501176527059318,Component Replacement,0
96.22532810279179,10.523420090683938,29.672877910756768,Component Replacement,0
93.27578055894267,10.164013725304578,34.63894482002573,Component Replacement,0
96.78262195545524,10.637270867495793,29.08611245426624,Component Replacement,1
83.89695425214978,6.139486511667992,34.881387285657325,Routine Maintenance,1
91.15426001992498,6.5189903739956945,32.540955851179994,Repair,1
87.94888377594829,11.793297649760957,34.49681426174849,Component Replacement,0
95.97285696002584,6.659284069865304,30.529171071128054,Repair,0
93.59465965593242,9.179896107723934,33.8472913747372,Component Replacement,1
83.10565735211343,6.992339715624682,32.064298331707576,Component Replacement,0
94.04553659583172,8.637033289576511,32.400357764889094,Component Replacement,1
86.27926056838636,7.295776531481886,28.708241451109156,Component Replacement,0
89.00252304217983,7.724053190724496,37.34409733589597,Component Replacement,1
84.9705835242128,6.609803476092172,34.74870380620635,Component Replacement,0
80.17559560543017,10.000570790624124,32.50112909392979,Component Replacement,1
82.34942948129564,8.589844452437605,36.16503999555568,Routine Maintenance,0
99.17269058781115,7.050281057470639,30.47175341697689,Component Replacement,0
98.95697630620766,10.62326332953295,33.546343815597425,Repair,0
81.20477811157734,9.078299918411076,28.08111852772266,Repair,0
96.57597896668311,10.05334214572606,29.59174530841335,Routine Maintenance,0
87.14673454079293,6.875650091765552,30.51339237440153,Repair,0
80.93809722143419,9.81551843759021,28.164153500329867,Component Replacement,1
89.66308478292723,9.523269668349531,32.13094275937438,Repair,0
92.23844318618481,10.561734444347522,33.72363336132496,Routine Maintenance,1
86.56919048365386,8.674932004541551,37.617501034310216,Routine Maintenance,1
98.62904575418301,10.962793213385996,29.222849062036982,Routine Maintenance,1
93.15023649292175,8.692748804235102,31.586066902405825,Component Replacement,1
88.62287357297001,9.671937993780993,31.760751889817815,Repair,0
82.2304139806659,9.739995244427892,36.10572870013961,Component Replacement,0
97.75503295286609,6.007337601158369,32.60643790564369,Component Replacement,1
92.51186960538564,7.009492827056422,37.51943677095798,Routine Maintenance,1
82.55670130167609,6.286233810526342,33.90153973458409,Routine Maintenance,0
83.22936019311538,6.460599004523509,37.81476680219979,Routine Maintenance,0
83.2282195718407,7.9803273268414925,32.84152614648396,Component Replacement,1
97.6722366798214,11.702472164163133,28.933273194182725,Repair,1
97.41702445482355,9.137376918495997,30.92026145834719,Routine Maintenance,0
88.88536019419024,6.118574563848016,35.856270182097596,Repair,1
86.71202728348753,6.650723544147572,36.41878697705865,Repair,0
87.70344660360406,7.586793908447891,30.00081369708834,Component Replacement,1
82.43161031606064,9.493811959795737,37.66509442219287,Repair,0
90.16828473795567,10.88281412825881,36.94004129706531,Component Replacement,1
81.51461688044013,9.1828288715373,36.44794669108255,Repair,1
92.74376024301682,10.620989621331724,31.575030381302273,Component Replacement,1
91.75930796073871,8.76471798692549,28.009131527395258,Repair,1
92.3241038049366,11.807386423233773,37.35060550025309,Routine Maintenance,0
86.69059710679059,9.70017993153959,29.170197165790924,Component Replacement,0
97.37151695031595,9.360411955503032,29.050998116887804,Routine Maintenance,0
81.68665115796644,6.058231277861842,37.15752034657993,Routine Maintenance,1
80.44086247891877,6.3055107892612705,31.59330292255048,Component Replacement,0
82.40684531249433,11.701848437546113,35.54729890987121,Component Replacement,1
97.7249699183912,8.018119957141145,28.187301158723614,Repair,1
88.99101700786333,10.740286391970292,31.15971348737724,Component Replacement,0
83.35054381982954,6.261049483489181,37.518996294561596,Routine Maintenance,1
91.53422678380979,8.716002784186646,36.06602715384076,Repair,0
87.16327723271644,6.133787876966204,31.230325706999757,Repair,1
80.28025440886691,10.84477368989052,30.35789251096538,Repair,0
80.24632084657487,9.403704831592982,37.64919549125518,Component Replacement,0
84.91475015794042,10.12869114746246,30.355895682610615,Repair,1
81.6783276408351,9.011329036115988,36.08552386137723,Repair,1
80.31602679656488,7.439745935097513,33.58930466466858,Routine Maintenance,1
94.2941602676956,11.425886070793638,30.83997503571586,Routine Maintenance,0
92.48026752915165,10.372460953928405,32.54420800860172,Component Replacement,0
97.85663505671175,6.735755734215857,33.55679144522753,Routine Maintenance,1
96.08908644007633,8.997050856563671,33.78619455552055,Component Replacement,0
83.76860304827402,7.885536336501946,35.377492581500526,Routine Maintenance,0
95.50445260968336,8.671628973368325,37.67398342141755,Repair,0
85.00999256873358,8.450333723951086,31.108707727553472,Component Replacement,0
88.9237769076188,8.798406156363367,29.237779774831083,Routine Maintenance,0
99.90518354799283,11.586347900689045,31.291834621232873,Component Replacement,1
88.7242152389204,10.353696339267351,35.04543355276194,Component Replacement,1
90.08615183413596,11.262849540305242,31.390170660411005,Repair,0
84.53620762557402,11.646771823923324,29.214791536290875,Repair,1
90.22558171140146,8.437567018540427,37.43367475325759,Routine Maintenance,0
96.39458305145331,10.641742450697937,35.12585592675261,Repair,0
89.07647968623615,9.50690988384694,35.16152605060752,Component Replacement,0
92.88924937697426,7.023967004992119,35.77086738616373,Routine Maintenance,0
98.44264883775901,8.605962749873715,31.321674507436633,Component Replacement,1
80.619767447733,9.479265359009261,37.86598131217909,Repair,1
90.15745796068627,10.859743644443371,35.82791722072487,Repair,1
86.92360316913721,7.562416787961794,30.70856807196775,Component Replacement,1
93.52735350618629,9.160969930278434,32.99980058974653,Routine Maintenance,1
92.15060512139037,7.095513615523094,35.62381068043622,Component Replacement,1
99.370112181361,6.316766269788739,34.320685701366656,Component Replacement,0
82.92947507232506,6.417286018432156,36.2479271892441,Component Replacement,0
89.89090106467044,9.025045140292024,35.73165258560892,Repair,0
93.25432802860809,8.326710161801214,33.21810121368024,Repair,0
93.52698867224305,11.043022954646087,30.455181952851632,Component Replacement,1
83.29117444744563,11.670691341971045,31.421237673663015,Routine Maintenance,1
84.65890952587439,10.963224079148727,35.62829394960304,Component Replacement,0
92.0075369610362,8.330146942348684,34.23926550021777,Routine Maintenance,1
89.53284674037286,8.092914429056552,31.837605851464406,Repair,1
93.98833559731708,10.47884748799353,32.59778966095023,Repair,1
94.41425669192398,7.121851837539219,31.42107364114178,Repair,0
99.01281380265088,9.387796422230977,30.3375015123901,Repair,0
98.61864750806468,6.395192511590193,32.10204732698989,Component Replacement,0
86.03215004037618,7.450340191770631,31.566555863212272,Routine Maintenance,0
89.70557773503432,9.519297331725314,33.22233107361924,Repair,0
85.62154541862212,10.088658977388693,33.58996843078269,Repair,1
93.81388876520693,9.281566070449536,29.364721617684967,Repair,1
80.39733564321662,8.549703480264094,32.50870356350161,Routine Maintenance,0
87.0813586776215,11.096040180757841,36.688830881751585,Component Replacement,0
84.85024234678598,6.174240697124107,28.881728456213555,Component Replacement,1
97.53175735584371,10.642436644928852,33.592089246957926,Repair,1
95.67971217133268,9.541963305853358,32.64286729044666,Repair,1
94.75844694084056,8.446952924269075,37.96969161430519,Routine Maintenance,0
82.84652429333492,10.483943034937731,36.81492438448607,Repair,0
88.09603917552428,9.079537717529044,28.76200122129447,Component Replacement,1
93.62253707078216,8.293665551543663,29.24082577782251,Component Replacement,0
81.31375808632431,8.574498396996166,29.922424911284452,Component Replacement,0
87.54580183783875,6.634572528193367,30.639995428031085,Routine Maintenance,1
91.31723498315995,8.679169297401412,33.113417323631786,Component Replacement,1
81.96600898616039,10.668082083199334,31.351190638489008,Component Replacement,0
92.0478629655193,9.23675403036335,35.33476780817223,Routine Maintenance,0
93.70370550116293,6.1185471817977755,31.06802366833193,Repair,0
89.61118067183602,6.7942350500944055,35.765656301238714,Routine Maintenance,0
82.13324948003638,11.515764433249277,37.35027688053715,Repair,0
89.6036615562299,9.734926972828479,29.530194895853246,Repair,1
84.51752740659886,11.01032492495124,30.856729362885993,Routine Maintenance,1
99.3863201044693,10.835519477371282,33.14082941963045,Component Replacement,1
86.79622526988612,10.747112798296254,31.405433662915748,Component Replacement,0
85.33041777562535,11.413822633028097,35.28550643290747,Repair,0
96.23430637741339,7.264879095553217,34.32322595920186,Routine Maintenance,1
96.20249493168836,6.6778137306413345,37.269871346111955,Component Replacement,1
84.15553478351885,8.33102319631748,35.91620169651416,Component Replacement,0
85.11641135259572,11.732223405605566,32.60614468815602,Routine Maintenance,0
94.14978327278038,6.993430996353849,34.90321450969557,Routine Maintenance,1
94.58015885831438,10.155846579114954,35.96772940142385,Component Replacement,1
95.74401470740415,10.290702221138455,36.446783907184646,Repair,0
97.7993568587626,9.805481786204917,32.64595407752335,Component Replacement,0
88.17401134857477,8.390794977848891,32.15326501232109,Component Replacement,1
81.10371476746468,9.183079345950805,33.28222826822412,Component Replacement,1
86.74562683214427,10.22954909802166,28.42969107806287,Routine Maintenance,1
84.53533310235633,7.375831000853078,32.72828416971696,Component Replacement,1
93.45351629869944,8.512808505428165,37.53782155829791,Repair,1
94.27929629073122,11.652747994775215,35.38547529724466,Component Replacement,1
90.65255116144711,10.380930986308194,33.22178982549869,Component Replacement,1
99.87828371407534,9.783236305142562,31.265775239963364,Component Replacement,1
96.93469469386832,9.742665531094321,30.40964844619758,Component Replacement,1
96.75868504008375,11.254406920265893,36.160764399445554,Component Replacement,0
88.15857178908321,11.230727388388217,32.61066311911233,Repair,1
87.83773236724534,11.086306795085527,30.84682274311207,Component Replacement,0
84.23288573212612,9.400079380667032,32.3837799905172,Repair,1
99.62304981683691,10.91233893717708,31.779324399975184,Component Replacement,1
89.08083506087044,11.487444588288437,29.94560386292051,Repair,0
80.77289572640262,11.606677215841426,36.30407236201715,Component Replacement,1
90.10467232217923,11.449419215869732,37.03134447792881,Component Replacement,0
90.9221161137864,8.977329744909769,31.93876942993808,Component Replacement,1
83.34475773056603,11.361423162774198,33.85244190691409,Component Replacement,0
92.8273792226206,7.241732439292529,36.23340842123644,Routine Maintenance,0
92.28837739872068,9.45011020775344,29.917778827528927,Repair,1
80.34601826462251,7.506879627424599,31.70436922052376,Repair,1
82.68299294148527,6.8100600215479625,33.27021479013439,Repair,0
92.26668121071141,10.963250685733318,28.95704672329897,Component Replacement,0
85.64532329208724,11.880869216598414,37.27318618559711,Repair,1
83.7600022635818,7.354725712244939,31.235094606602093,Routine Maintenance,1
82.68010857681027,6.397592310604016,34.427732220347565,Routine Maintenance,1
84.0737225106823,7.143346109509948,32.768369480563095,Repair,1
90.56094016400289,9.25607302448508,36.10217574922622,Routine Maintenance,1
96.75737307195668,9.169004659082264,37.77252289488872,Routine Maintenance,1
95.41753292886861,6.440473960647361,29.407457404455045,Routine Maintenance,1
90.48246408338781,9.256448781747189,34.4221868292396,Repair,0
86.13058412474153,8.46326898382104,36.46170911367053,Repair,0
99.68347760281232,8.570032629746926,34.49255515798181,Repair,1
86.0418148992799,9.948998301397666,31.692568038069584,Repair,0
95.33402560739725,10.180025853943267,36.552215023508026,Repair,0
92.81729775721963,7.527338690571058,33.783233011536375,Component Replacement,1
84.93191776753403,7.651342085837429,37.96236843239757,Routine Maintenance,0
85.73871008015774,9.169542003270404,35.21752523694829,Routine Maintenance,1
97.3165715631055,10.891406060222296,30.982632807503112,Routine Maintenance,1
95.79149168381888,8.887868849490522,33.54996049698175,Routine Maintenance,0
86.28638381452517,6.039206530632033,30.497576264665195,Component Replacement,1
93.7582938592792,6.1605510463117765,32.31944052413919,Routine Maintenance,0
91.99860089524088,9.625446627738114,30.905698171243593,Repair,1
81.51136611906001,11.474574858928591,33.78802092143256,Repair,0
89.44060900426686,7.325458361843224,36.20090096246014,Component Replacement,0
80.55719260860599,11.786350550030798,29.98342522436413,Repair,1
92.22899553157977,8.231975147457263,37.96177060516896,Component Replacement,1
92.5453277814871,10.952463108100648,31.593638402624386,Component Replacement,0
94.27354541267415,9.944978435925274,29.39558029030726,Component Replacement,0
86.03746640979033,6.506503881763512,33.16595824710173,Routine Maintenance,1
89.51036383659057,9.822604100476113,37.12595341608281,Routine Maintenance,1
97.56890417954322,8.517109397180075,29.27567159890799,Routine Maintenance,1
84.78240153100558,9.017254505091554,35.33102218661805,Repair,0
87.10484083530349,9.87602557247003,30.389964813888163,Routine Maintenance,0
86.20203263154438,9.040144190032702,37.40169436312012,Component Replacement,0
99.64495445422212,10.962401118553064,28.90302268496823,Repair,0
90.81889476883167,6.721557191738562,32.570063543940016,Component Replacement,0
90.25940997733463,11.901627005595046,28.527001408965646,Component Replacement,0
98.14516128744012,11.691648618930937,32.999362616690995,Routine Maintenance,1
96.69428844981195,10.937596920489304,33.969821438053124,Component Replacement,0
99.88293680647062,8.287825310985834,30.58703769305289,Repair,0
80.38472493056084,10.44069262086563,31.08217978546606,Component Replacement,1
84.57969375346309,11.859201978083469,28.571593169800018,Component Replacement,0
87.29499620014225,6.708228359599636,35.79576830156798,Routine Maintenance,0
96.90673603369868,8.249108903766581,31.649724257869252,Repair,1
84.59526815815607,10.081070194149763,35.37715125747274,Repair,0
93.72983171824295,10.780134283106179,33.55605276392954,Repair,0
95.82855921614467,6.328361448913547,28.394828301403493,Repair,0
91.00120504452897,10.737956936065473,34.44867022761811,Routine Maintenance,0
91.18967761353193,10.43274784278907,28.800757392941268,Component Replacement,1
81.58353639936036,8.87809621897002,36.28992428169717,Repair,0
82.51397418684185,10.451300420867744,31.620915754700647,Repair,1
83.74952310456837,7.194806864133761,35.12802738522515,Component Replacement,1
88.26571415246855,11.767780447135376,28.14787151812837,Repair,1
81.30649589407437,6.839911136235137,36.94145129449893,Component Replacement,1
95.4149631746539,8.053107305441102,31.82507599261356,Repair,0
97.65983820336729,7.71185895741935,31.1115359983653,Component Replacement,0
82.26283640300277,7.659663224159648,31.430210559757004,Routine Maintenance,1
98.86078899347442,11.849695656947706,30.784412505878542,Component Replacement,1
93.22104193723234,9.246285373769409,37.59154307604378,Routine Maintenance,0
83.66901800351717,11.888234988128204,28.018739326877068,Repair,1
83.04839201553253,8.960818893195714,29.362600930950478,Routine Maintenance,1
95.6809235844176,9.626965968612971,31.780016293443573,Component Replacement,0
90.8618047243022,9.459691469084992,32.950560837343495,Component Replacement,1
83.82251454702555,11.994005733896719,29.009835689914766,Routine Maintenance,0
95.97639422673824,6.465054409494357,28.668653990238273,Routine Maintenance,1
96.96817829447546,6.603905619078127,36.263518555511496,Routine Maintenance,0
81.57989270562219,7.970729442874431,28.496443355343157,Component Replacement,1
98.7236536559455,8.610257897239467,32.295043929137435,Routine Maintenance,1
89.46346400385512,6.796791899733463,31.54146505095863,Routine Maintenance,1
84.54419705553805,8.37764457544525,28.10951413523659,Component Replacement,1
82.70226393749695,7.25082700010027,35.6409941088221,Repair,0
90.63504600008275,7.427921148065174,37.95223044538025,Routine Maintenance,1
81.64125351360325,11.141628482900767,28.953801712289636,Component Replacement,0
92.15127486207572,9.183136101840942,34.82518417363431,Routine Maintenance,1
81.68278482480447,10.020902214424376,31.592884917680287,Repair,1
93.18168381732721,10.184287315313453,34.99167228576934,Routine Maintenance,1
84.87454439477875,7.396332344594602,37.25578085842051,Routine Maintenance,0
94.01766845816555,10.321838093423771,33.046467882436005,Component Replacement,1
94.07480464065006,7.451144318956773,31.24076406150269,Routine Maintenance,1
92.21743270448701,8.18763107952574,33.86420157325215,Repair,1
94.67757865024936,6.94831645320356,37.883022903882406,Routine Maintenance,1
80.63833739218155,7.3358092149316985,31.57799384143112,Repair,1
88.72634568050042,9.945751297815434,31.8020508612858,Repair,0
91.73152706081477,10.145397417428338,35.382336741493134,Repair,0
94.81967368842649,9.921817892161028,35.75666916610088,Component Replacement,0
87.29773439683218,11.431245148787525,32.99066871274373,Routine Maintenance,0
99.90279924922984,6.831218938236489,32.04633031071996,Routine Maintenance,1
93.86643336336469,7.442979679276925,30.13763541358727,Repair,1
94.0499715910917,6.131270648991726,34.040495173060975,Routine Maintenance,0
99.52072842129876,8.007859155487917,36.55465859508212,Routine Maintenance,1
95.12150297378155,9.235838068156433,29.18117588596118,Repair,0
94.21892471213759,6.960542067868852,33.28321222564624,Routine Maintenance,1
95.92207264774026,6.7813627229297015,36.25403796550549,Routine Maintenance,0
99.83772171331312,6.956406681043868,35.330857482969094,Repair,1
97.90261412808297,8.043519974417308,30.550960038621774,Routine Maintenance,1
88.12544489368572,8.082282441934804,37.34064819336637,Routine Maintenance,0
93.1585438697394,6.318741432660953,33.9216087775938,Routine Maintenance,1
80.08490245305707,8.998909484991268,33.63116330134082,Routine Maintenance,0
82.65339159054878,9.45864571767173,36.164074829190206,Repair,0
83.21481137576136,7.951883653914098,32.7699825480504,Routine Maintenance,1
87.67264512894603,8.887827079001296,37.436376327485654,Repair,1
81.40573912610664,9.454387467240634,36.14801416611665,Routine Maintenance,0
95.39984478170973,11.268176228295987,37.99270984378605,Routine Maintenance,1
88.37308808296345,10.207132984264149,31.7279861077526,Repair,0
93.29552063671584,10.860648113926658,32.573043965196916,Routine Maintenance,1
83.42549743625918,8.887071946175439,33.49962824533015,Component Replacement,0
82.90054787194182,8.897988458271724,35.06668579624904,Repair,0
82.11872900402618,9.632618596937965,28.53203278724728,Repair,1
81.97595090242173,7.5575386115945875,37.552583705017454,Routine Maintenance,0
94.3794195002845,11.02255173645499,36.298798965173404,Component Replacement,1
81.2236261184903,8.524611154705333,33.802464647310444,Component Replacement,0
88.70816484714192,8.60545449071956,36.54054846168346,Routine Maintenance,1
89.54107973679206,8.437780799318423,35.8105824722389,Routine Maintenance,0
82.65313121618128,11.588185838457166,36.313310291045084,Component Replacement,0
87.26543568492252,6.499399029465289,31.237562533998833,Repair,0
87.19116502489636,7.316398751291331,34.12501188287789,Routine Maintenance,0
92.94682506340808,9.726914801361929,32.88703549772922,Routine Maintenance,0
98.81583008162814,7.569401101533574,37.89709618778153,Routine Maintenance,1
91.60552973437805,7.985006017948926,35.097842905410154,Routine Maintenance,1
94.29525369369084,10.90024057833357,37.06715527536561,Routine Maintenance,1
88.2545114880567,7.877146244137347,30.255350543834965,Routine Maintenance,0
97.60576491497574,8.034340348684687,29.12256458164935,Routine Maintenance,0
88.7859300089353,9.173699594060754,32.058718648374914,Component Replacement,0
83.98470508135976,8.83858377401835,29.295723191034437,Routine Maintenance,0
87.36742092685097,9.154496225396901,31.39928440290987,Component Replacement,0
91.06169371645007,10.491695348636163,32.080604948473,Routine Maintenance,1
99.46697521865322,9.925852208074716,30.21017970901333,Component Replacement,1
98.66526829188099,7.22363665159938,35.495629391405835,Component Replacement,1
89.92704385773874,7.953667033118248,29.05876632326263,Routine Maintenance,1
85.5674285929476,8.07413055367706,31.106788915508698,Repair,0
81.94047742233884,8.031522657614273,33.63019252690842,Routine Maintenance,0
86.52011197471911,7.051426925104089,36.74677557165782,Component Replacement,1
85.06116312391006,9.910129007742844,34.87465829447529,Routine Maintenance,0
84.0150439544064,11.048248772577898,33.43412112075527,Repair,0
88.57894116498397,6.2795144965337,29.169943155671916,Component Replacement,1
93.1163887126541,6.102300172542081,37.64256690696715,Repair,1
83.10305587877107,6.4343595933191695,37.96546332060416,Repair,0
90.87422407143266,10.597340700829953,32.6139192594405,Routine Maintenance,1
97.49580209674946,7.109561951981284,36.12902521545142,Routine Maintenance,0
81.51125499552845,11.522825712706672,35.88920609735919,Repair,0
84.63845726048754,7.947597042430725,33.503454704564675,Repair,0
94.93348925844597,10.089150003588891,37.49804309393458,Repair,1
98.35058594693854,7.110766173083734,31.95764875615645,Repair,1
91.39766951328863,7.75059989218385,31.5896567882827,Routine Maintenance,1
93.72870517831656,8.297205814204922,32.30164831328544,Routine Maintenance,1
83.6539305328349,7.51208179889262,36.77605002763326,Component Replacement,0
90.86669790422093,11.939754825106984,31.398587819155395,Repair,0
99.96694768744612,11.4923890674363,35.17217041449866,Routine Maintenance,1
99.45163182387671,7.403142262257398,36.02200221547699,Routine Maintenance,1
87.74539815878795,6.711038279999899,33.88790641449151,Routine Maintenance,0
99.7527258770112,6.1595562543253095,34.717682380853844,Component Replacement,0
87.35755894661885,9.626180020261305,33.85547778415553,Repair,0
97.70947890065179,10.504562281892557,30.440042145825668,Repair,1
95.48240250821637,6.516507058677236,34.605774659751255,Repair,1
81.37344617149711,10.392397036326585,33.98869761413106,Component Replacement,0
80.14211167305311,9.57826306104489,30.90882215433689,Repair,0
96.24872073896789,6.42678349122812,28.909849355063095,Component Replacement,1
81.9518403738822,6.033113107051725,34.610509750520954,Component Replacement,0
88.56378256295925,11.989054802237323,37.13191145878335,Routine Maintenance,0
83.66622797683777,11.871613418607339,28.03358457366181,Routine Maintenance,1
87.02282453287881,10.486738254315235,32.844138382184326,Routine Maintenance,1
91.49999307099075,11.73452551315154,32.05843386433153,Repair,1
92.63215352872594,8.84790191337696,29.721792289649557,Component Replacement,1
97.3833145200313,9.61112833136658,29.715534307753707,Repair,0
96.09339694331247,10.191053985224997,33.68538095398248,Routine Maintenance,0
81.02313716346073,10.709115356378277,29.303155864102205,Repair,0
83.87502594881282,11.020884184615735,31.96079448419237,Routine Maintenance,1
97.71621003565372,10.16018099083117,34.41673213373966,Repair,0
97.43850891424117,7.102484102552788,28.142842451335042,Repair,0
82.80032115407022,11.60265103764189,32.128609900763564,Routine Maintenance,0
89.31798006796049,6.504634186890125,32.40587694787986,Component Replacement,1
84.11732815399732,7.69745764918775,31.00357958789245,Repair,1
98.78976164715903,10.041699239066654,31.380040610997433,Component Replacement,0
86.62468448841729,11.322881568437598,34.37670318771175,Repair,1
89.82223092903745,9.233203897858774,30.47652841439683,Repair,0
81.47133990821393,8.109993781561222,35.02467571696799,Component Replacement,0
87.01099564480663,11.907179693035673,29.176486690356867,Routine Maintenance,0
91.22477890065663,6.297973853378455,34.561372317509026,Component Replacement,0
87.70013063842838,10.013958730881729,33.744077410085765,Repair,1
81.65918007076074,6.758151967857186,36.23661394440596,Repair,0
85.03128506268062,10.782823473822924,34.640119653912045,Component Replacement,1
95.57372114024177,9.075864121633849,28.36586185239714,Repair,0
98.14609648639643,9.99923612663654,28.595219476523116,Component Replacement,0
86.26227649258954,11.515005217630687,36.80714551557306,Routine Maintenance,0
91.17643312742366,7.233909071786671,28.839192590419014,Repair,1
88.44471100551644,8.609972736294381,36.73934929818185,Repair,0
83.1371187934877,9.5279596545464,31.696579171415614,Repair,0
80.79293404670561,7.451585479071797,36.050289101344795,Routine Maintenance,1
80.50581661789143,8.432986207407211,31.704389550393998,Repair,0
98.29214846701143,10.734369312996007,35.152964682301736,Repair,1
99.23052628611813,6.669485113029141,32.723973197783316,Component Replacement,0
97.75942701803729,9.640472712502115,34.550495935414155,Component Replacement,1
84.60803363666045,10.4016255103288,37.90418936251404,Component Replacement,0
94.4548046356378,9.38522140588243,37.430322195546594,Component Replacement,0
85.79384935305256,11.987413475378284,34.63316451237183,Repair,0
83.0706294947132,9.636721268816423,28.895616822664948,Routine Maintenance,0
91.60977370009309,6.9209583132615045,30.452558207389192,Routine Maintenance,0
88.10767879847732,8.063434323064119,28.745076766860354,Component Replacement,1
97.48185934571202,9.053069369158486,30.218206025959716,Routine Maintenance,1
88.84116474449257,9.009096083276495,31.19124163906318,Routine Maintenance,1
80.65638570538735,8.960601105393302,31.60835368993414,Routine Maintenance,1
85.66912314034501,10.783668510723764,37.184477097484134,Component Replacement,0
91.44320268853107,8.856643500539759,34.783660461045294,Routine Maintenance,1
85.89229115989829,6.737873590352878,35.99350865469274,Component Replacement,0
90.63872480053432,9.750916149650529,33.08383069171094,Repair,0
90.53079138789948,10.174560777171695,37.99203009506001,Component Replacement,0
83.60614836781869,8.979141169872989,28.51820375856843,Routine Maintenance,0
98.35977858293768,8.399694850823337,31.084076603481872,Routine Maintenance,1
91.454475082365,10.372077174421605,34.806678514256895,Component Replacement,0
85.73797444712253,7.933844942127559,34.29871220390925,Component Replacement,0
92.51972507648958,6.3774347989023,33.24097352320632,Routine Maintenance,0
80.59828592150096,6.100616246909619,34.17799898689887,Routine Maintenance,0
98.11331909355327,10.522437469837222,33.10143699727764,Component Replacement,1
98.02034087385256,9.019961398729368,28.45127844491369,Routine Maintenance,0
86.7173382784881,10.871215764575638,29.070130011926576,Routine Maintenance,0
87.64123800889097,6.838343149436268,33.60985271034575,Repair,1
97.40453133562201,6.609836806030081,34.2227127135736,Repair,1
95.24798076140902,6.944089334077298,32.32339910593072,Routine Maintenance,1
97.68450672826091,10.694089141772494,34.1751288430362,Repair,0
92.6087021167725,10.34200358874972,30.186297375750705,Routine Maintenance,0
95.64833220530909,6.985232644893462,36.38218815787941,Component Replacement,1
93.8661522660794,6.989268398949628,31.797522233763324,Component Replacement,0
98.76295417470324,7.5973906479565265,28.0792195638537,Routine Maintenance,0
97.03573762325914,6.6472938752057,34.46852382586637,Repair,0
90.94599574603585,8.4603901677736,31.568037794726067,Component Replacement,1
91.8853810643002,9.539278189662685,34.62402989087501,Routine Maintenance,1
82.0353569862153,11.627102802101994,31.101674039915927,Component Replacement,1
82.0661818278156,9.255825089584905,35.910806779288365,Component Replacement,1
89.89753508490352,7.521712150889622,31.355409024502507,Component Replacement,0
94.28335881383336,9.758608588433674,28.88983835690162,Component Replacement,1
84.12716496101702,6.874066810910362,31.305933434267228,Repair,1
83.3813027216962,9.77534429000891,32.622669585847724,Repair,0
83.37929617295822,11.830121910962863,31.785439164059426,Routine Maintenance,1
85.44663580332085,8.91860871691829,34.7379425836157,Component Replacement,1
80.13029049557785,11.689317328889391,28.636955746931033,Component Replacement,1
87.00569343261427,9.39161217135327,32.28564255197189,Repair,1
93.75822724378936,10.446595912948702,30.15736430939247,Repair,1
91.66485034484003,9.041378761672016,37.61321227655914,Repair,1
97.08339283055635,9.960892777958206,29.218533920817233,Repair,0
94.4827764735658,10.296404723145931,30.884858833495947,Routine Maintenance,1
80.93524965182708,9.093274700177947,37.621208593192804,Component Replacement,1
93.76959444352613,6.4460399893628875,37.67599269245902,Routine Maintenance,1
94.41742372034754,8.690951250967792,32.94484511141563,Component Replacement,0
81.24418018068405,11.81957049629443,29.988404887089665,Routine Maintenance,1
94.07684643076551,7.6800069142575325,32.36050840304202,Component Replacement,0
82.45896171627753,8.993709309014541,37.262727925735454,Routine Maintenance,1
81.93234591007327,9.789529854913521,32.251395436341205,Component Replacement,1
97.69288424955757,6.985048594903937,32.50701258372794,Routine Maintenance,1
94.01458145890052,9.83589836555736,34.924497004006604,Component Replacement,0
94.10191207695603,6.0822073887725985,30.187651543075447,Component Replacement,1
92.16437258007862,7.244157610193647,28.17413909335228,Routine Maintenance,1
88.66608679726012,6.685463058256684,31.68778473722537,Routine Maintenance,1
94.64677923374956,11.607313158680938,35.753244644142555,Component Replacement,1
80.20099253325462,6.2165634706303905,35.96065708785683,Component Replacement,0
96.0828228172118,7.914278012071917,35.967114944890035,Routine Maintenance,0
96.2365456411491,6.886970385792288,36.67639713552503,Repair,0
89.92310478269664,9.646683245749522,33.40926421354655,Routine Maintenance,0
94.05901050736034,7.352782509838433,32.77086678934946,Component Replacement,0
87.25390236927025,10.471458533538897,29.25551821552044,Repair,1
92.28581805929727,11.825373801239808,37.607716500541216,Repair,1
94.89355228034229,8.728646171501197,33.7238966479817,Component Replacement,0
86.25258281556883,8.282232146643613,32.41650338226705,Component Replacement,1
90.93937774077409,9.892047572410977,29.78289366346178,Repair,0
83.97590640667973,11.091611933382143,37.147724637910905,Repair,0
86.67114530267679,10.834145571452947,33.4698471101123,Component Replacement,1
90.98693041610659,8.531908434339826,33.51342238153798,Routine Maintenance,0
91.36598759240736,9.765586374579641,31.44165441906158,Repair,1
84.62682449232312,7.993011261368582,32.99050327617872,Component Replacement,1
80.92360932834661,11.225372108937655,37.66668419087943,Component Replacement,0
85.02366570067059,7.829722619256747,34.28567156313036,Routine Maintenance,1
86.86280421705793,8.995269600322123,28.507888917308108,Component Replacement,0
84.84801041275992,9.482287230813942,33.97824245934508,Component Replacement,0
91.37394537827329,11.59651373501998,35.56109132376159,Repair,0
96.06355556298074,8.501930425830949,37.397676076695234,Routine Maintenance,1
85.11891637057046,7.629792968443795,35.002624775119806,Repair,1
92.08723090383177,11.86688320657543,35.8468824038248,Repair,1
91.90779847414957,6.658624313489261,29.406292482290464,Repair,0
93.85106197056469,8.766495664450982,30.92784126398293,Routine Maintenance,1
84.4905935240796,10.94612293378202,31.588903062526406,Repair,1
86.02016113050023,6.775351902826134,28.09567124197291,Component Replacement,1
92.53700219261079,6.519444974539188,35.484508512016916,Routine Maintenance,1
80.26522110902528,6.4946725029290455,31.26863562552497,Repair,1
86.48187502616963,11.218365323096766,33.40599837946139,Routine Maintenance,1
85.52851266570623,6.509145312908578,33.904630749692295,Repair,1
91.43583443504451,7.827123502075803,34.23356103268376,Routine Maintenance,1
84.84030714345174,6.588774670062561,36.96855036580067,Routine Maintenance,1
92.13832295884826,6.811044545424793,30.970576987092393,Routine Maintenance,1
84.61100185507223,6.19144958159512,33.69041572173915,Routine Maintenance,0
80.02595449454526,8.298543079153042,35.7034518066841,Repair,1
85.93099062848893,6.094064287633973,30.41119463351376,Component Replacement,1
94.4604287797054,7.617384932392337,31.85256604180882,Routine Maintenance,0
95.24699618499649,9.575119530265553,29.869348159999916,Repair,0
81.73576703589801,10.12069625318897,32.27642069764843,Repair,1
84.7753269149105,6.568253377618209,28.47674606480338,Component Replacement,0
93.45246647640107,11.102200007720699,32.39048742797458,Component Replacement,0
90.16189624645754,8.081608771580013,32.858635023162996,Repair,0
93.37876421750914,10.207876168144098,36.841174383957664,Component Replacement,1
86.95973313537873,10.771156042839838,31.723049205828374,Component Replacement,1
97.27613179898574,9.742750270037929,36.43773727157651,Component Replacement,1
81.27567895272152,6.578236404745896,28.759846972518936,Repair,0
94.96546332360475,10.835276160445957,37.87529375685338,Routine Maintenance,0
91.43079549170899,9.946742693965318,33.299715424823944,Routine Maintenance,1
95.05693319756061,8.418114561835218,28.66726106332148,Routine Maintenance,0
99.96573381562511,7.176996864974764,31.79919787695691,Routine Maintenance,0
91.91544957352743,8.605329738564254,32.872757929472954,Repair,1
96.28484233764857,8.946569395393926,36.712444761680345,Routine Maintenance,1
84.00309825751226,11.921578025277817,37.55115133094331,Routine Maintenance,1
81.93155227269865,9.386144020390578,28.312150424173414,Component Replacement,1
96.80174373299535,8.821747284729808,34.07345809713606,Repair,1
90.46360614628105,9.68717094376533,35.40814992022798,Repair,1
93.61984072025541,8.104491614214815,37.57078000086566,Repair,0
83.39337526895424,9.07521361144725,33.9820262277177,Routine Maintenance,0
95.91951034729551,11.561302404993942,32.32814241359155,Component Replacement,1
81.51839922277233,9.768881964654703,30.36169655479754,Routine Maintenance,0
96.50878449249568,10.443985347957685,29.660781371953448,Routine Maintenance,0
95.82695537111962,8.700598870390328,33.48937587833505,Component Replacement,0
84.99887006159324,9.603669701499998,29.616094210031044,Repair,0
90.55990385601848,6.348003618174928,35.046910696569235,Repair,1
91.03287572765574,7.3956344774995495,34.94573517657061,Repair,0
95.94101377356345,6.605761653404208,36.95132234803877,Repair,1
93.80706895625592,10.145476316989003,29.335716809545413,Component Replacement,0
84.19167735590062,11.624364229287524,36.838843349147425,Repair,0
88.16695912272696,7.586609403250866,33.90398038166838,Component Replacement,1
94.29428188109881,11.606524321715789,33.98584629499188,Component Replacement,1
85.88551804179525,7.681420716346179,33.515479104705356,Routine Maintenance,0
97.16802980728487,6.027526191842738,28.19976596213278,Routine Maintenance,0
95.47675733638266,9.750604720661581,34.92098218621739,Repair,0
85.64290072029091,9.601594573977383,37.8163483326424,Routine Maintenance,1
90.22606064604979,11.828338003304118,28.862322443361787,Routine Maintenance,0
94.51829131055874,9.41869886754112,28.34602600996718,Component Replacement,1
81.9026494280482,10.678073757403357,32.15027049008033,Repair,0
98.20576251578466,11.459997182607902,29.61378289281398,Component Replacement,1
87.30903965684773,7.557395590102911,36.14809803536531,Component Replacement,1
98.03097625520415,6.827260087540598,35.63809761582887,Component Replacement,1
95.6669113604973,8.747269249323033,32.106300404803086,Repair,1
89.68803078256184,11.69162033492,29.322351008758446,Routine Maintenance,1
91.51909180177837,6.608266092605291,29.261681988854278,Component Replacement,1
92.16945463705102,6.941118061312711,31.29667153146836,Repair,0
92.97910134733954,11.481041582439493,31.116957041924678,Repair,1
99.91217933388612,7.362610290117916,37.867758159715294,Repair,1
80.66170622074175,11.318042018711076,29.87378887493076,Component Replacement,1
86.85992220802655,7.013063327439265,34.87286320749001,Component Replacement,0
87.57713004826829,9.039264273057274,33.566541745301905,Routine Maintenance,0
88.4808434690564,10.765037013533222,33.80081006537807,Repair,1
86.46119910653121,6.623916526109032,36.97186548166791,Routine Maintenance,1
81.39587057229889,11.34147572962338,28.67195555252518,Repair,1
82.66355103977446,7.243139203773747,29.088202504112637,Routine Maintenance,0
97.06065395470628,10.991715456981787,32.65046452044418,Routine Maintenance,0
90.55930355935615,8.577333374448939,34.68106643672109,Routine Maintenance,1
94.28481252376669,11.258084057757813,36.64779032672057,Repair,1
91.30959760599359,6.530917834999592,37.55646511070355,Routine Maintenance,1
83.34452896719716,11.675183699377762,28.629987343514074,Component Replacement,1
90.00947852255878,11.855528269466427,36.694772693999724,Routine Maintenance,0
81.76126523324734,11.751388898001265,29.781353497939136,Routine Maintenance,1
81.95808717678317,7.823970736986271,34.09212222928945,Routine Maintenance,0
84.13378693192048,6.153758839501026,31.231348545606043,Component Replacement,0
94.02784012056594,6.338181593932338,33.49282593352486,Component Replacement,1
97.88276412198968,10.600971497421977,32.802732111666444,Component Replacement,1
92.9349726286205,6.843928288841198,28.721466395179743,Routine Maintenance,1
86.41717981836092,10.960543297492853,33.86702281627578,Repair,0
89.9371503530983,7.29184720166598,31.719776012975736,Repair,1
84.71662114841824,10.765317043407352,30.22705480305418,Repair,1
91.83511846785633,6.365541648702152,31.499021061839986,Repair,1
90.2941428162576,11.717488561217117,36.01657450135973,Routine Maintenance,1
86.95518120176926,11.813321472014188,31.42148113008863,Routine Maintenance,0
90.19490954116668,9.233313967242704,33.564112944530606,Component Replacement,0
83.18303398342631,10.905231723567391,33.83704643745795,Component Replacement,0
90.49222193757232,8.495232722475851,34.52748387073733,Component Replacement,1
88.76045676971324,11.234881142195139,34.74252022542039,Repair,0
97.85196994973181,6.7453374940349855,34.67788431259502,Component Replacement,0
92.15852630951127,11.639714580455589,28.19533117750447,Repair,0
96.41085874122729,10.97892287332754,28.882930100998955,Routine Maintenance,1
93.72971696868379,11.062635058385588,28.70419138468017,Routine Maintenance,0
94.30948980804544,11.206247483009783,31.05989100763258,Component Replacement,1
98.25331051872158,11.848493090224256,29.23495196913883,Routine Maintenance,1
99.17543822233924,7.492772680413168,31.96078911054148,Routine Maintenance,1
95.57689726689966,11.91985306010503,37.88747541138186,Component Replacement,1
86.27051537673859,6.369498649318404,34.18026889685582,Repair,0
98.87959590166227,9.039444025866759,36.82398356751435,Component Replacement,0
82.39598459035506,11.366976137294614,35.32506537764233,Component Replacement,0
95.99624774461545,9.707245428982588,30.645152858660886,Routine Maintenance,0
84.58347809374037,11.390843384759535,34.71183216487218,Routine Maintenance,1
83.89372148300995,11.96831231754372,29.546721762105925,Routine Maintenance,0
86.3483054797824,11.788466554596468,31.999987855491508,Routine Maintenance,0
80.877951264789,8.92375120522609,33.78746448507968,Component Replacement,1
93.36687390189955,6.074232442668105,28.273413946092358,Repair,0
91.20083639834895,6.44561819358399,33.43931677416521,Repair,0
90.63334440547183,11.385178675503061,33.670796174309785,Routine Maintenance,0
96.23488466232436,10.79978557247232,32.21198357138471,Routine Maintenance,0
94.085825716974,8.289418530578263,28.269602889258525,Routine Maintenance,0
99.45894348022684,6.34767893204128,31.708506114657926,Routine Maintenance,0
91.39887029886003,9.989516335613573,30.869602460709743,Component Replacement,1
82.37814746358247,6.096852589681637,35.60842442913808,Component Replacement,0
87.61510892049019,8.2354124998128,32.10054266809874,Routine Maintenance,0
99.84856958005295,9.123242359942923,37.438176428175076,Component Replacement,0
98.09718381375562,9.074758984718247,29.519273631598814,Component Replacement,1
95.89345675888744,10.453995370307371,35.9504737634585,Component Replacement,0
89.77307213247784,8.746624289750272,37.93165562607332,Repair,1
91.54117746245241,8.634867519109521,32.15596776786379,Routine Maintenance,1
85.78986698203767,9.76938348433178,34.73360974632594,Component Replacement,0
98.1773034239613,6.950788305310699,31.551823539647792,Repair,1
93.37636751565209,10.237796153366622,30.126321462488498,Repair,1
93.44024136653779,8.395933180401672,29.498652029839526,Component Replacement,0
92.17854107335941,11.573396182195626,35.16137534114691,Repair,0
92.42194874097905,10.184192050445905,29.04231086682326,Component Replacement,0
98.47234972458567,8.624581700340563,33.466869684605825,Component Replacement,0
89.89807040115673,11.481108311385489,34.312399393184556,Component Replacement,1
95.94823880835933,11.020443174979583,37.47774614958584,Routine Maintenance,1
95.8799843225989,8.818491958616129,36.15274252167728,Component Replacement,1
88.07145261652568,8.694243882092994,29.176088239074357,Component Replacement,1
87.58798264481838,8.175029651383563,34.55440735214007,Component Replacement,1
91.55294972122246,10.25691061069806,35.74884835847011,Repair,1
87.1951435919199,9.960348230768533,33.022769362342856,Routine Maintenance,1
87.36461005509383,8.19793596087218,37.439780038042585,Routine Maintenance,0
91.88603867461867,7.768910091394098,34.00862965539081,Repair,1
97.10897512277981,9.859997304824976,37.665069575441684,Repair,0
86.91912914149832,7.290627193389603,32.23745765691875,Routine Maintenance,0
96.02736668984384,6.261120111183581,30.2918512854394,Repair,1
93.95604835376687,10.132316524935842,36.17520150131359,Repair,0
86.2859174530916,11.92970507096412,33.60773281101079,Component Replacement,1
87.102505455634,9.83897191460306,34.27774542898058,Routine Maintenance,0
90.23740417059776,8.35858600100922,30.951092361961145,Component Replacement,0
96.99469290404504,9.422247188623546,34.75375515898227,Repair,0
83.55249184611067,9.196041459093065,37.66705372219841,Component Replacement,1
90.46027469757107,10.02996773681306,36.05032567761629,Repair,1
98.0495611717844,7.6927795635535485,37.743134519467,Component Replacement,1
98.60952841636124,9.55421556016595,29.313379666699458,Routine Maintenance,0
82.48582170524146,6.056786245199898,35.53574464962412,Component Replacement,0
98.06912512728299,11.204445299449993,28.190471783958706,Repair,0
90.98014403133695,6.988010390031748,37.830970110583216,Component Replacement,0
89.77285132081964,9.516695853582078,35.245668803908586,Component Replacement,1
97.55466776894461,8.61763484968559,35.78188156887952,Component Replacement,0
92.07013434514218,7.456926206427488,34.04694070139722,Repair,1
94.8331690014784,6.437381166302155,36.688434440133896,Repair,1
94.56992940334676,8.54080698081188,28.012823654984686,Repair,0
83.20078712486982,6.011378897894719,31.777427775149576,Routine Maintenance,1
99.7709662709007,11.839729662154543,30.26919103934257,Repair,1
89.00706852309003,8.156400058759825,28.33733028061366,Component Replacement,1
92.51797535557633,11.66786549316571,36.92699629192261,Routine Maintenance,0
98.32978522194163,7.988371374139826,31.246383857389723,Component Replacement,1
90.76587850143106,10.327542787458547,34.387952345880535,Routine Maintenance,0
90.33255859140463,10.73500184616616,36.41779246188962,Component Replacement,0
96.99493693857875,7.249809155702555,32.69746409980786,Repair,1
94.34860246644803,11.433789649944668,29.450713212316764,Repair,1
94.20026902193158,6.4530389091024,37.199095736737064,Component Replacement,1
94.32449860115187,9.460317228006158,36.05002387104936,Routine Maintenance,0
87.36921404122613,8.108960574594777,28.30953038114298,Component Replacement,0
94.65900315424166,6.75831754414196,35.46628741082288,Routine Maintenance,1
96.0998123783974,8.373196250527023,30.245453782465315,Repair,0
81.47183511393739,8.029944508511505,34.9633236347933,Component Replacement,0
91.70870385408799,10.102272395428965,33.388941821991104,Repair,1
93.49800648271629,10.78738212169893,34.47341327373341,Component Replacement,1
90.91408975756941,6.688746522466913,37.31805125966972,Repair,1
98.4235336073686,6.435041883614485,31.615544892344268,Routine Maintenance,0
92.53372165335728,10.93626556900457,30.285727685019225,Component Replacement,0
82.96528028188266,10.384033139033495,30.012547688926873,Component Replacement,1
82.14305880932334,8.268405813440786,28.24080975289347,Repair,1
88.0562418739029,6.050743124956587,31.148133170657538,Routine Maintenance,1
94.72639946481243,9.191313708794297,33.138444706091796,Routine Maintenance,0
85.51024449141951,11.966529893868884,35.08462235685754,Component Replacement,1
89.69330170569427,11.11206259502903,28.249370775634645,Routine Maintenance,1
81.74656024331503,9.199769012375114,33.713455350919965,Routine Maintenance,0
88.34495389811727,7.151901839699614,37.92480827080594,Routine Maintenance,0
85.65190815776111,11.180979394572393,37.43477210739567,Routine Maintenance,1
84.10993450578792,9.787833763560023,32.1943508487413,Routine Maintenance,0
98.55025779019033,6.932917383539468,32.72552845756971,Component Replacement,1
83.38223018080971,10.976685676973437,32.654649987840315,Repair,0
82.09304251714424,11.793510085221616,31.22822383369291,Component Replacement,1
99.96033743645198,11.503863235827062,37.44577471032353,Routine Maintenance,0
88.05370143599765,7.360758751680719,30.161680297218602,Component Replacement,1
85.86597376885247,9.35555152446859,36.66041245812015,Component Replacement,0
93.42240826075445,11.037919017212538,30.746386529242425,Routine Maintenance,0
87.09070870057073,9.935993509020419,34.48391631306116,Repair,1
92.4704994835579,10.234239731536604,36.95837617742281,Repair,1
88.44245802370435,6.448295251166163,29.38649563307294,Repair,0
87.73822559876422,8.471749146665246,30.831792687566075,Routine Maintenance,0
88.69534155460175,8.509699441101915,31.765919357015846,Routine Maintenance,0
93.45374389256688,7.450763660150221,33.9694940371869,Component Replacement,1
91.6842770000024,11.180142867011732,31.21365078342407,Component Replacement,1
87.13792905429825,9.114908410821018,36.24164710909477,Repair,1
99.1935894739533,10.181753075520968,36.039411700389316,Routine Maintenance,0
96.17264101976977,10.360180745006057,37.41271833808536,Routine Maintenance,1
91.73757135066015,8.531118391280518,35.25177363661642,Routine Maintenance,1
93.46789114815427,9.648292212940664,31.113854445301435,Routine Maintenance,0
97.98127306992096,8.964658106628061,34.34944849257462,Routine Maintenance,0
94.19489129225764,8.349313657336499,33.96684686417814,Component Replacement,1
80.6459354195851,8.498842810799935,34.904643901271854,Component Replacement,0
95.72696502150387,11.109441343149825,36.76693496892729,Routine Maintenance,0
95.52431873426644,9.017056737719038,29.202358281009936,Routine Maintenance,1
98.27145163425692,6.8712843229155744,33.98850321673848,Routine Maintenance,1
90.38254249795844,6.762229962074168,35.039289342481226,Repair,1
97.68582094899398,7.001621960522327,29.702575138034017,Repair,1
98.98230247349534,7.164111382921892,34.94685732227576,Repair,1
92.1507892850249,9.612444444728125,30.26030329267309,Component Replacement,1
80.56376273361784,9.533949456281082,36.19504549589968,Routine Maintenance,1
84.76512645515021,9.313031114669899,36.827260726146044,Component Replacement,0
99.33719484947676,9.763971545504885,37.10333626440016,Routine Maintenance,0
93.688593381488,9.604211792723014,28.183651408823156,Routine Maintenance,0
91.8394894887095,7.358303705682379,28.528606676742786,Repair,1
83.64158991411763,8.233556699350286,37.72546585177244,Routine Maintenance,0
95.6301848438164,9.879601558656532,32.800050493255675,Repair,0
80.21479399666181,7.48120653748764,28.759412273485307,Routine Maintenance,1
80.78384397685613,10.688558474309414,28.345322758653072,Repair,0
88.47286355003484,11.519326850610298,30.018679954845258,Routine Maintenance,1
82.2012795988101,10.455170426478592,31.151958695949464,Component Replacement,0
85.90304722793788,10.168977495377634,34.26011966355989,Repair,1
91.49838072765455,11.120270948693797,29.92866305157314,Component Replacement,1
87.5938751165245,6.365617066846041,33.00688994011924,Component Replacement,1
85.5438825172823,10.950080169585313,37.13010863474993,Routine Maintenance,0
85.7035519657974,6.367262784373104,35.659816142761976,Routine Maintenance,0
97.5743224578312,10.087103159643611,35.316465396654316,Repair,1
91.48515933452984,6.416971909032964,36.31429992638496,Repair,0
94.98574267314085,8.20520418769637,35.87094446623933,Component Replacement,1
99.28864149937644,8.872503955919356,35.56120515997231,Repair,0
95.0718065818939,10.359668460189528,28.083482102901062,Repair,1
84.42837843524322,11.795157237272397,36.02760491463897,Component Replacement,1
97.70170947737228,8.046564291995093,30.51828515327617,Repair,0
85.33408543294676,10.914248505092008,31.790951142701992,Routine Maintenance,0
90.05278213892609,9.982857602048682,32.10969289891747,Repair,0
89.78841451146124,8.768625760922781,29.45500959032913,Component Replacement,1
99.3403727940387,8.271466381340273,34.69719790322732,Repair,1
94.53777843863887,11.189206014074793,28.364268501817723,Component Replacement,1
95.80973482536618,9.322069442089202,29.272486807688495,Repair,0
83.32391834603942,8.114844664971262,35.847442630977504,Repair,0
89.95191422421789,8.5155334551383,32.512492190876955,Repair,1
86.00924061982306,6.93435221681963,33.60087367597186,Routine Maintenance,1
88.51716645355394,6.860111640224669,33.538606692632484,Repair,1
82.62222095501943,8.566598665285175,30.00808462140083,Component Replacement,0
94.0593494845403,9.436025938846043,28.829233721522794,Repair,1
93.30672942914505,8.29250690072007,34.50465416271217,Routine Maintenance,0
97.18141038043072,7.784803393353526,33.69916494195529,Repair,1
87.30891367598804,6.1616391068221565,37.36464680140653,Component Replacement,1
91.4968660374136,11.302649147165027,37.15178829348609,Component Replacement,0
83.894282706082,6.2337740193352165,31.80189979157913,Component Replacement,1
97.33622816277679,8.941525189856762,35.06538565340467,Routine Maintenance,0
98.11671511131468,10.284488015378432,36.418709418904086,Routine Maintenance,1
83.33302901832712,11.972227592580106,33.56443101973806,Routine Maintenance,0
84.95815960913166,6.776496189441275,34.5646040831778,Routine Maintenance,1
94.21690006827266,10.030504064937281,28.227604972918442,Repair,0
96.38986577614841,9.945080956685395,29.603470038753567,Component Replacement,0
96.86516588397878,6.5034898656095965,29.699122225857536,Repair,0
88.41129570280991,6.328826129178682,33.865759245535315,Repair,0
81.9036715012946,9.935606609602367,28.214233326204507,Repair,0
86.54877176030216,10.178220697368676,36.269007993109966,Routine Maintenance,1
98.8785965383154,9.36432522159729,34.9522183190115,Repair,0
83.06970599887174,8.13124066258875,31.391790064850923,Repair,1
85.11834696036655,11.20754806634997,30.364981119457433,Component Replacement,0
83.9070017645772,11.725196121203332,31.009038086668056,Repair,1
93.08235548261078,10.944650569577336,30.24077394810747,Routine Maintenance,0
93.62547546007633,11.298944265162671,31.84061113310713,Routine Maintenance,0
92.48135255657262,8.643449301736903,33.20203234793811,Repair,0
85.08809299577541,10.570160439806884,31.884003432525517,Repair,1
81.02235443933151,8.579926566415933,28.290348520280915,Component Replacement,1
92.7721094827501,10.17069905017993,32.149196801306886,Routine Maintenance,1
90.55439800882803,10.415197437438708,33.254851877633754,Repair,1
83.95238175649173,9.98753592194883,29.335858884027644,Routine Maintenance,0
83.45850284961394,9.29339934736911,30.62862604636185,Component Replacement,0
98.47093820876083,11.992756896710137,28.095160065766166,Repair,0
95.07206877086035,6.879139756287162,32.844480680499004,Routine Maintenance,1
85.36405582310547,11.211528083193764,34.84745331005682,Routine Maintenance,0
87.32704708075921,11.684320637543404,34.445676760291285,Repair,1
97.98502150102115,6.576907330803054,36.12696109574622,Repair,1
89.96611469830931,9.730175501269532,33.7638239181236,Repair,0
92.7271955183925,10.179285976000816,37.35092882945431,Component Replacement,1
92.26196115762826,7.478385047492405,29.092152665099224,Routine Maintenance,0
95.49511564876315,10.33851372089171,36.70421277182311,Routine Maintenance,1
84.88265372958689,7.028548797509582,35.016570036322946,Repair,1
98.18188761651639,9.878885233306365,33.56045742058041,Routine Maintenance,0
99.29281064944729,8.120161271466724,29.881498081534552,Component Replacement,1
95.31043450580233,11.46211045385077,35.704119431714254,Routine Maintenance,1
89.82132948073213,8.900516366143275,32.307010861064164,Repair,0
87.44435268894675,9.787593448558596,36.37792368754975,Repair,1
80.43571175744812,9.454503452949758,32.904707150973,Routine Maintenance,0
98.5149417787697,6.097593412994087,33.29503492235862,Repair,0
80.89398095431721,11.778824917175553,29.31435613140945,Repair,0
92.15442977349954,7.035795138275768,36.47588383059789,Repair,1
86.89141908874531,6.560407457537815,31.34168031791455,Routine Maintenance,0
91.88708070313378,6.246915126290432,32.234628897569145,Repair,1
93.0009874810129,11.137829188125556,37.80246489125878,Routine Maintenance,0
80.25771695290017,10.049904768627666,31.208353218278734,Component Replacement,0
99.46939793707428,10.15624733636472,36.15355210181082,Component Replacement,0
89.47511399773907,9.411520330205608,37.80739776871796,Component Replacement,1
91.9726361095315,8.639079749518455,33.83931594547094,Component Replacement,0
83.22856790195462,8.488671560753545,32.73560294629928,Repair,0
86.68075674000454,7.408671041580889,34.2279148729077,Component Replacement,0
84.10529346129073,7.3504267125260725,30.547701262677894,Component Replacement,0
92.79140292374697,6.804697921936504,29.97557458352523,Component Replacement,0
85.72138775940354,6.395672802978508,36.373107569697744,Component Replacement,0
95.28862852565257,9.306644515842123,36.887334493674985,Routine Maintenance,0
93.75170601961979,7.121970467937837,28.546396874847872,Routine Maintenance,1
80.10641473102557,8.836161289848935,32.334933214217436,Component Replacement,0
94.29579483229014,8.29923375805496,34.56357143745706,Component Replacement,1
82.00476897938479,9.84058550815723,32.83982688543304,Repair,1
85.43153318440034,10.3395594265797,28.198240512033166,Component Replacement,0
89.4885528747132,7.355615000739581,31.131174118900773,Component Replacement,0
98.3712202956771,10.605114029153148,29.043182400606135,Component Replacement,0
91.74959343163468,7.369861848817836,34.67080360262229,Repair,1
93.93814339236943,6.987942134873045,29.850722294082853,Component Replacement,1
92.3083694223631,7.8231912177972545,35.05875186707625,Repair,1
84.16344230829287,11.57499566822328,37.41023390296577,Repair,0
97.86039979681884,8.7288186769963,29.08889144049413,Repair,0
81.18687963179393,6.658214035182162,28.779348231290342,Routine Maintenance,0
84.13966929739473,11.855488929794765,33.448910368307764,Repair,0
87.80719610865637,9.651510493980258,32.45334365249057,Repair,1
80.49628132151905,10.263098402884829,29.03210185162096,Component Replacement,0
80.47425934450513,9.180334053471576,28.306586711827904,Component Replacement,0
91.28984372219753,8.46936147728762,35.86396588460064,Routine Maintenance,1
94.79912667042137,7.199150047238265,35.93054103564532,Repair,1
90.10775968335555,11.683544303414738,32.23681479165505,Component Replacement,1
90.68648437573967,6.488131853909888,33.89913842754812,Repair,1
82.03987771470722,10.405242281088652,36.62200116954092,Component Replacement,1
92.29751288522203,9.498397519692737,28.16548515922201,Repair,0
80.19485652144513,6.805687420113917,30.384403430847946,Component Replacement,0
97.28681854639055,9.248229897002748,35.69389606469617,Routine Maintenance,0
89.99277642864891,9.667689480096012,29.802795447975747,Routine Maintenance,0
83.5046710809487,6.749675387061766,28.720260817837367,Repair,0
97.74658961974093,11.059392033682279,29.372477797073334,Routine Maintenance,0
90.41258477579207,10.312356379073716,34.81865790786361,Repair,1
99.4684357978239,9.166826346409847,33.87357294230321,Routine Maintenance,1
90.54406819369953,11.54705087733705,35.598901522649605,Repair,1
96.48765229029758,7.608781473810545,33.128929957421796,Repair,0
95.79368111764602,6.626709812967999,28.535611733920607,Repair,1
94.62429387632156,11.440799171309026,30.377056371194087,Repair,0
84.26992254344086,10.913316067189333,33.553336660421124,Repair,0
95.93536879528861,9.94070039661539,37.32130242314914,Repair,1
84.75827456023038,6.391930154856219,32.2129368204679,Repair,0
85.32214297750465,7.239420581193436,34.28349784180246,Repair,0
97.3604429370271,8.50956301889582,32.62544616371999,Repair,1
86.9263991969448,7.916876951549606,34.75348088781832,Repair,0
97.75297267307428,7.879577142768397,35.05852127105754,Routine Maintenance,1
94.81544569370391,6.546825385335977,29.9830932067824,Routine Maintenance,0
88.30186170294671,6.5911006448349845,37.36968217597088,Routine Maintenance,0
92.520168139972,6.942824344570899,30.40882906164566,Routine Maintenance,1
95.48926716786414,9.636896243091268,33.58644316613584,Component Replacement,0
86.44848069367569,10.658392739593985,30.945563838983077,Routine Maintenance,1
81.18607995638399,10.106451879028217,30.96513875920474,Repair,0
83.20578989666595,10.31000490910645,34.8866065965558,Repair,1
82.38311055122422,7.150762424738205,37.375587298713775,Repair,1
91.5887601133826,11.916735901701136,30.116164667170896,Routine Maintenance,1
97.69533528419255,7.624008636287422,35.27296117855966,Component Replacement,1
98.54599941597333,9.213905196346833,30.253990657476855,Repair,0
87.70115374441716,9.319565581240749,32.66378019791456,Component Replacement,1
89.00673710071726,9.761029805179247,31.83663584635985,Component Replacement,1
82.32684790046183,8.517714355253322,29.20261115443287,Repair,1
80.39787638594858,7.3367636926673185,37.54054191985973,Component Replacement,1
88.95883085938037,11.36937022472015,35.60933824267292,Component Replacement,0
99.34690286387215,9.519751006791818,32.250446965461514,Routine Maintenance,0
98.0062797570858,6.940884472861042,37.91554216722226,Repair,0
81.90037485770372,6.61096509069829,28.428705730209302,Repair,1
95.81779531299685,11.664028777599363,33.20762321106867,Component Replacement,0
82.66402865895459,10.066852807493001,37.551599693527,Routine Maintenance,0
93.04819276296618,11.610230798773713,32.31591793669872,Repair,0
96.36541468328647,10.046314784527743,33.66527957830968,Component Replacement,0
81.31375001137222,8.32022863175046,37.95566471484729,Routine Maintenance,1
85.53600513969788,6.7047152063713895,28.297144337276205,Routine Maintenance,0
86.92104075736604,6.986273621724438,33.876897050649546,Repair,1
82.04381435878202,6.553608749772954,29.184376584801473,Routine Maintenance,1
93.30334354415818,8.18780398750469,35.95218215430718,Routine Maintenance,1
83.47063823334229,9.452974348083988,33.590035740621374,Component Replacement,1
98.80072851151596,10.757364573762798,33.64827362582818,Repair,1
82.19158380410438,11.077448057627874,31.921941167826983,Routine Maintenance,0
82.04680217373854,7.785536150483789,36.03879248927992,Component Replacement,0
90.42693643402438,8.976356932752465,28.429767759043308,Repair,1
91.05986296379116,7.455874765783472,28.791400254743294,Component Replacement,1
98.77457608997855,10.56276861645749,34.632533198321745,Repair,1
86.2694157007402,9.836723660813332,35.97129660939377,Component Replacement,0
85.4397791926938,10.540852603125774,28.28303769234617,Repair,0
82.05039032597857,7.483974896723364,28.489440200853473,Repair,0
81.52218290217486,10.40376944591426,31.212047777696316,Component Replacement,1
94.03102127370745,8.635302512776837,29.001423148900013,Repair,0
96.53469798550186,8.868516889905038,33.6067840246921,Routine Maintenance,0
91.1228825170813,6.608616003452267,30.2058345078364,Routine Maintenance,1
81.45120518365326,6.052193290431008,29.624546736026645,Routine Maintenance,1
92.76870374042436,11.22451105005187,32.808051469182985,Routine Maintenance,0
81.13210988674912,9.61998783972113,33.94639018456545,Component Replacement,0
83.31221039701465,6.595369004440877,30.61285475303579,Repair,0
94.66808064008208,7.890171697581085,28.422020325941045,Routine Maintenance,1
83.92137247366497,10.864085858775212,34.20829900981762,Routine Maintenance,0
98.2183567824701,9.973132653841557,37.796496785240855,Routine Maintenance,0
95.12203431310851,10.116752068617934,33.28196089714114,Routine Maintenance,1
98.96246595240412,11.686082377959655,36.44887741068544,Repair,1
94.94363036476284,7.866649567585467,37.17920073769262,Repair,1
88.99431385728217,8.582760721900803,37.006180580609055,Repair,1
95.6737481752528,6.471548413741337,28.232407205113205,Routine Maintenance,1
99.45590837159047,11.771593426176484,35.850813036179545,Component Replacement,1
94.70392063646923,6.042938483111962,31.138588975218404,Component Replacement,1
82.46179810900017,8.563721817204307,29.148408875735417,Repair,0
92.7389349423269,9.690625805372372,32.4249902215386,Routine Maintenance,1
89.95299363280638,9.890058015680683,29.972769164326248,Repair,1
94.28023435709125,9.332872792499753,35.263562650545225,Component Replacement,1
80.3682953677346,11.120241369768312,31.226583773831912,Component Replacement,0
84.36655475058438,8.52116287697843,31.726322012462376,Routine Maintenance,1
87.78916261707575,6.001549006134517,29.161469709982903,Component Replacement,0
95.24524831439247,9.009854601887483,29.668684030107674,Repair,0
82.19018967188553,6.324771504129063,36.674314935742004,Repair,1
82.17732663327602,6.199148275248577,35.00881069470556,Repair,1
95.20186893519201,6.790079535058837,31.15058676383758,Component Replacement,0
89.15278404878504,9.588064530474242,32.53678135484133,Routine Maintenance,1
92.9015338700245,6.572875259434237,36.134218258973995,Routine Maintenance,0
84.12320748445474,11.325434514430547,34.70205028846723,Component Replacement,0
87.13209270082658,8.05354180930481,29.720325422818217,Component Replacement,1
83.21515163803117,9.459935097151039,35.87633709373548,Component Replacement,0
89.23843825851914,11.680967395131077,35.671949417274604,Routine Maintenance,1
92.96900898731896,9.91381017483308,29.56197737743797,Component Replacement,0
82.45784858635504,8.787032732459052,31.508789913810475,Repair,0
90.88183446545443,8.418214132082667,31.270901308032666,Component Replacement,1
95.65227462547908,8.695140582579146,29.265519223064977,Routine Maintenance,0
99.32382461827564,6.874740250450544,29.332205653809797,Repair,1
85.82386885108,8.852082306707626,37.67376825825972,Component Replacement,1
98.96604952436917,7.94124874363578,35.155708411755484,Repair,1
80.89396118919987,7.091483455350796,30.742221837294082,Routine Maintenance,0
86.51085442779966,9.812454702337371,35.22065896215011,Repair,1
94.76246657799499,6.615541626024573,37.1455682647716,Routine Maintenance,1
95.9810508467635,11.98813047563021,36.8286410612382,Routine Maintenance,0
95.36306733367275,9.754212761640462,30.67788249797555,Routine Maintenance,1
93.47862732010128,6.756184362810833,36.45426383623692,Component Replacement,1
83.36229184649235,10.09075798436547,36.490976275630906,Routine Maintenance,0
92.25647233577561,8.362073289978888,32.20165388317917,Component Replacement,0
86.41284894869368,10.401935256050571,29.807331675069996,Routine Maintenance,1
95.65102927323188,11.937238501491931,31.594687898800462,Repair,1
86.72775804726903,10.239747555841493,28.98611787848536,Component Replacement,1
99.9590484855646,10.437269037323944,34.968433048062536,Component Replacement,0
90.27304737235438,11.7164029495104,30.110449988682042,Repair,1
85.05737540539529,11.07082353158634,30.642548292580553,Repair,0
92.39215786152938,10.720674126854817,36.605928767839245,Component Replacement,1
94.17470206147553,7.20860714268907,34.02885189862365,Repair,1
80.523339644749,11.667122436572262,32.04023921042369,Repair,0
96.69626952197899,6.537044913878922,28.325797150253543,Component Replacement,0
81.40850525575212,6.807409132854167,32.50549338439903,Routine Maintenance,0
92.47882950016464,7.987181592532967,28.12577620367307,Repair,0
85.48136566208426,7.303743660258781,28.417670531712822,Routine Maintenance,1
82.18171989673671,11.604477858134155,33.148271843250434,Routine Maintenance,0
81.19783652465851,11.571044927618189,34.88488863312241,Component Replacement,0
98.69753040776001,8.127583690800098,37.313396967138445,Component Replacement,0
99.72644779013677,11.579458554054808,30.2358360353387,Repair,1
86.73879050521612,10.420171948040297,37.076323244808876,Repair,1
88.52327517696992,7.851041774338166,36.59123919178439,Repair,0
98.47787771948146,10.852612818123667,35.624950339012194,Routine Maintenance,1
99.19985751434692,7.19794731088762,33.982164483446574,Routine Maintenance,0
93.86316443565505,6.652527282771542,31.91899246206894,Routine Maintenance,0
97.93883412423617,8.898462014094864,36.32183119373827,Routine Maintenance,1
81.43031944020616,7.183090103185943,35.12229335916899,Routine Maintenance,0
84.84948400194662,8.707880702112112,34.30437611979272,Component Replacement,1
84.26812331543236,11.627381124188584,28.92520181890627,Component Replacement,1
91.9756134839387,8.201965062602632,30.420173386992452,Repair,1
82.325951914551,6.296266141395057,32.29367073067226,Routine Maintenance,0
86.70149921761308,9.89541617825995,32.328786742972525,Component Replacement,0
88.47323211235368,11.045767825456057,29.47160655257105,Routine Maintenance,0
82.36106265482121,7.05348552887621,34.356215349808494,Repair,1
93.84677554572319,8.298966017041682,29.99386582543667,Component Replacement,0
88.46412900611413,9.858078100410616,33.496956951112935,Repair,0
93.94843106800963,11.592675652754,36.80501629900442,Routine Maintenance,1
98.68305576602897,10.838078966292265,32.46666492982197,Component Replacement,0
97.50704708532305,7.421893865020584,32.342492345736574,Repair,0
99.22693722596874,6.7429115633832595,32.53309874708525,Routine Maintenance,1
94.16915746783816,8.03384347242766,33.18199005397265,Component Replacement,0
90.79450817088737,6.956049301314628,34.82516988947026,Routine Maintenance,1
89.44088223418015,9.331899436557997,36.35125642607461,Repair,0
97.18569709364282,11.07609078629314,37.617540267013425,Repair,0
91.44352587458089,6.338011896106771,32.537046994544596,Routine Maintenance,1
93.95396730857033,7.280956671274137,34.7663822655325,Component Replacement,0
97.032036860933,9.11244143349123,37.622294400239696,Component Replacement,0
94.2200540941363,8.947408859427696,31.810350366991663,Component Replacement,1
94.61487496471779,7.99520286823033,36.234650263514055,Repair,0
99.9809403153368,11.107508431104183,36.47653915796565,Repair,1
91.33993964825005,10.252554619340042,29.213501579224992,Routine Maintenance,1
93.11780722902378,9.100415239389578,29.513075227934266,Routine Maintenance,1
97.05841200442714,6.0122495723746905,36.13249668341692,Component Replacement,0
95.85855626741359,6.987656853728145,30.350627118722343,Repair,0
99.27220791290502,8.00676896352666,32.70716172191161,Routine Maintenance,1
84.12519080158533,6.558684027001333,36.17805717121554,Repair,0
97.11942410669388,10.715893861085679,36.3881627148136,Routine Maintenance,1
99.5443678694546,10.507704708580725,37.55821238054814,Repair,0
83.87594648263706,10.185004000528942,31.20930443420543,Component Replacement,1
89.64576194316761,10.57135105983544,29.14426837193946,Component Replacement,0
82.55291019045637,8.133344884281309,37.32251170853526,Routine Maintenance,0
87.39729127769108,6.343581392568342,33.763339368980176,Component Replacement,1
82.32764918251578,8.6047412020576,37.57053421294761,Repair,1
96.45942355150683,6.1460644364924395,31.15580599287213,Component Replacement,1
80.4006806810827,11.125984431652892,29.294936086745984,Component Replacement,1
83.36187027994575,9.022028396637953,37.839844897374974,Routine Maintenance,1
92.45965786490711,10.387750974458946,28.024244926417115,Repair,1
93.72605016567731,11.049220398961648,29.02271280557055,Repair,1
92.80896922743115,7.334568803601481,30.46593668856751,Routine Maintenance,1
84.26605116557346,7.52287532832475,29.439005760166616,Component Replacement,1
89.85382267453483,9.32320669608572,28.405233425874897,Component Replacement,1
95.07887880577267,9.737078178797281,28.339876482201216,Routine Maintenance,1
91.52133139637465,7.967903996518898,32.99357479866867,Routine Maintenance,1
80.06576667116063,10.60074695198587,35.6650283479469,Repair,1
87.08152918667561,11.0444395051185,37.07779834501771,Routine Maintenance,1
88.33328612956916,7.496890261098178,31.09851855497162,Component Replacement,1
96.93107738300067,11.230385373520178,31.69069289506043,Component Replacement,1
82.12603934495516,11.04987040988142,34.78752027783227,Component Replacement,0
99.33464639105651,9.269846209847813,35.316932891585154,Routine Maintenance,0
82.8096617497667,6.213921462954165,28.45274965053405,Component Replacement,1
97.58971264242297,7.8521431107456685,37.0494030709422,Component Replacement,0
98.7043366377686,6.165356137866061,34.835471651200194,Repair,0
82.17174441866563,6.468177964724203,35.68296537034506,Routine Maintenance,1
99.76753789632998,9.418665902877136,32.919785902031336,Repair,0
87.90871796166728,11.219067984812554,36.28511769541734,Component Replacement,1
90.99192109743652,8.294500881571462,36.837578270153095,Component Replacement,0
92.79799923694088,11.166608730293161,31.548127696591507,Component Replacement,1
88.27879884411621,6.84049038562529,30.07533528589257,Repair,1
96.79001641847253,10.830650061859172,29.695502610158165,Component Replacement,0
93.39009474543379,6.134248008844448,31.313094577664618,Component Replacement,1
82.89017397857498,7.631258805910656,34.21892601104763,Repair,1
89.36964385109249,7.655689091991426,36.35435316671739,Routine Maintenance,0
83.62191740586134,9.989788435607263,29.162199346952598,Repair,1
83.64910559953755,7.477538879936244,34.96847039740206,Routine Maintenance,0
85.35022959155086,7.794148272895542,32.51135006204484,Component Replacement,0
88.98888079866936,10.64409091108969,37.099960381473636,Repair,0
94.59731910597702,7.661002476232928,34.92655562542948,Routine Maintenance,1
80.95085203692838,9.767677623655553,29.765581053237156,Routine Maintenance,1
82.11634719149505,11.446807855602497,32.296257342031495,Component Replacement,0
92.79934706948414,6.076231027571171,32.877024558397245,Component Replacement,1
98.01046551020808,9.011533237617678,28.31127354341706,Repair,0
97.2172402588029,10.411068946847056,31.443869708334898,Routine Maintenance,1
88.32137722294868,8.326680610626118,28.474419042046026,Repair,0
96.08926025101627,6.034880699155881,30.565960621836883,Component Replacement,0
84.14727788954362,6.614529853257389,37.275729183475306,Repair,1
97.09258065006182,10.657709535831943,28.59651420377752,Routine Maintenance,0
98.9175732211164,8.225464868610675,36.89084636049618,Routine Maintenance,0
88.85804635818187,9.526602617550592,31.360102720484363,Component Replacement,0
89.01665782350277,6.355537522663037,28.16384754299733,Repair,0
90.65013984031026,10.678033767081534,29.137611083403968,Component Replacement,0
87.37455224981753,10.13971426199495,30.592783854019597,Repair,1
93.57277567056734,11.795163625260995,32.691443598541404,Repair,1
80.25199092103514,8.207058708205619,35.71480770477947,Repair,0
98.42492422584961,11.065847470431724,28.645135814922938,Routine Maintenance,0
89.9498442765704,8.165992469016892,32.134844792787504,Repair,1
92.33837566788534,6.176927354890279,37.31421550382635,Routine Maintenance,1
83.11209871765698,7.24366897167933,35.6231179859456,Component Replacement,0
89.72070655144087,8.997547721770017,29.930798946605343,Repair,1
89.30237229299166,10.393344402208761,32.30563679394487,Routine Maintenance,0
97.3089135863777,9.256643202958045,29.807386555528964,Routine Maintenance,0
80.45443279700763,6.0086294906562605,34.9979755119401,Repair,0
87.64964016610776,10.15680257657371,31.297421547672997,Repair,0
89.51905978849281,6.225332167001382,32.77426130252123,Component Replacement,0
99.46878619431044,6.949381567877997,33.37204940925838,Routine Maintenance,1
99.56525710270988,11.855935713988512,36.00518394953791,Component Replacement,0
89.86793218535834,6.456047445180758,33.0928962311284,Routine Maintenance,1
89.96922847798966,9.135252225059832,34.15954436874955,Routine Maintenance,0
86.58862541333174,9.807869709723462,29.36384232335902,Repair,0
94.80959955703398,7.975537512330009,37.24772993830234,Routine Maintenance,0
93.64549772094256,10.635312632858412,34.21881079223826,Routine Maintenance,0
91.41469634995272,10.860862523973243,34.216854034659654,Component Replacement,0
85.62600081154598,11.433223237360274,37.26962736754079,Repair,1
82.08676672009867,7.439663055300612,34.95982084198718,Routine Maintenance,1
90.9414615805396,11.78626444980686,33.63382032142243,Routine Maintenance,0
89.64625755563569,9.035702316938238,31.89717422937141,Component Replacement,0
82.42969885778159,9.238914132641925,33.4543421485909,Repair,1
87.52919558014729,8.313929248679226,35.86202844798728,Repair,1
97.12469807511808,10.570478480026232,30.06746364971517,Repair,1
90.08060402359135,11.921895657454066,37.75733510710255,Repair,0
82.61562608909814,9.53286267232441,33.84411414625816,Repair,0
85.26832040961014,9.518446829210266,30.647742551380887,Routine Maintenance,0
91.59936336602142,7.083847891826513,34.775720199067045,Component Replacement,0
92.57583380256106,6.865417369423679,36.71853851065852,Component Replacement,1
93.41106591472351,8.423555094990505,36.662907545429626,Routine Maintenance,1
82.00266959657877,8.296444872693698,35.11598925266297,Repair,0
97.22236034771906,9.583317338505186,34.707883498637266,Routine Maintenance,1
87.36849512545209,9.369338169710133,32.321779367297054,Repair,1
99.45928369661698,6.328593269454881,34.44385405208474,Repair,0
94.24605677137893,8.303068963538166,30.639931418054154,Repair,1
88.6117189514806,8.540318455612699,31.138173775621418,Component Replacement,1
99.29733864049797,9.152117495639644,30.188500441680095,Repair,0
93.49417692440664,7.620076380038427,30.53207247994373,Component Replacement,0
82.24554236498992,6.952865994867491,35.72845648907184,Routine Maintenance,0
84.07748427084222,9.720499349932108,28.436877754633187,Component Replacement,1
87.72620462777036,11.299884761049793,36.7382234519123,Routine Maintenance,1
81.42777649231003,7.757073631518971,30.80283870503448,Repair,1
80.73018648513163,11.817527496690804,31.200319186135335,Component Replacement,1
81.25872626793281,11.14008759718159,35.25253472228438,Repair,0
97.10872934066309,10.081916961981094,30.68427875943676,Repair,0
93.38568788811526,11.260789985596146,29.22318792967618,Routine Maintenance,0
99.04911852813062,7.996983413152565,34.37852785183715,Repair,0
88.53426494494676,7.382075979256604,33.881731494695956,Repair,0
82.68383785963508,9.069165722165067,37.76472501451505,Routine Maintenance,0
89.85071270639901,8.893044796960222,36.73890258281187,Routine Maintenance,0
